index,Close
0,126.1707634
1,125.1604706
2,127.1927155
3,124.2754428
4,123.3009447
5,122.0030858
6,121.8563594
7,123.2657876
8,123.0597577
9,125.2770948
